patient_id,age,systolic_bp,glucose,bmi,hypertension,atrial_fibrillation,smoker,prior_tia,nihss,outcome
T00001,63.0,162.9,8.34,24.3,0,0,0,0,3.0,0
T00002,80.2,113.4,6.89,28.0,0,0,0,0,4.1,0
T00003,82.4,157.9,7.11,24.8,0,1,0,1,6.3,0
T00004,70.5,150.9,4.37,28.3,1,0,0,0,7.7,0
T00005,71.6,160.5,9.88,18.4,1,1,0,0,1.8,0
T00006,61.6,167.4,7.39,31.6,0,0,0,0,9.3,1
T00007,56.9,134.4,5.5,19.7,1,1,1,0,5.2,0
T00008,57.1,152.8,6.27,26.4,1,0,0,0,9.1,0
T00009,56.0,145.4,9.05,23.5,0,0,0,0,1.7,1
T00010,77.2,139.5,4.55,17.2,0,0,0,0,10.2,0
T00011,66.4,160.7,3.77,32.4,0,0,0,0,0.6,0
T00012,68.4,118.3,6.13,30.9,1,0,0,0,1.8,0
T00013,60.0,135.8,6.1,25.9,1,1,0,0,3.3,0
T00014,55.0,162.9,6.01,32.9,0,0,0,0,4.2,0
T00015,53.8,154.2,7.62,25.8,1,0,1,0,14.0,0
T00016,57.7,128.4,7.36,27.7,0,0,0,0,4.2,0
T00017,73.6,152.5,7.1,20.9,1,0,0,0,8.1,0
T00018,67.2,137.2,6.93,26.6,0,0,0,0,4.6,0
T00019,62.0,159.0,7.91,25.6,1,0,0,0,3.6,0
T00020,64.4,116.7,4.96,26.4,1,1,0,0,3.1,0
T00021,51.3,144.8,5.02,27.2,0,0,0,1,2.4,0
T00022,80.5,151.1,6.21,26.5,1,0,0,1,5.6,1
T00023,53.6,130.2,9.96,30.0,0,0,1,0,6.9,0
T00024,67.5,157.8,5.16,27.2,1,0,0,0,1.6,0
T00025,90.5,157.7,6.4,32.3,0,0,0,0,4.0,0
T00026,38.9,165.1,8.16,27.5,1,1,0,0,8.7,0
T00027,51.5,129.8,4.97,28.7,1,0,0,0,4.4,0
T00028,59.0,137.5,7.55,30.4,0,1,0,1,6.1,0
T00029,68.3,140.1,7.28,29.7,1,0,0,0,5.2,0
T00030,48.1,120.6,6.7,32.7,1,0,0,0,1.3,0
T00031,64.4,150.2,5.85,27.1,1,0,1,0,5.5,0
T00032,66.7,164.6,7.08,27.7,0,0,0,1,1.1,0
T00033,68.9,143.8,8.31,27.0,0,0,0,0,1.1,0
T00034,40.7,120.5,6.03,26.6,0,1,0,0,9.6,0
T00035,74.1,143.6,10.3,,1,0,0,1,13.5,0
T00036,84.6,112.4,4.89,15.0,0,0,0,0,11.4,0
T00037,71.8,120.9,7.53,38.2,1,0,0,0,12.9,1
T00038,59.0,116.4,8.95,16.8,1,0,1,0,3.1,0
T00039,60.3,164.8,3.0,31.4,0,0,0,0,19.8,0
T00040,37.9,144.4,,28.1,1,0,1,0,6.8,1
T00041,72.2,123.5,7.97,23.5,0,0,0,0,4.4,0
T00042,83.5,174.7,6.8,32.1,0,0,0,0,3.9,0
T00043,74.2,182.0,7.98,23.5,0,0,0,0,5.3,0
T00044,34.3,154.2,7.82,30.9,1,0,0,1,11.4,0
T00045,62.3,159.4,10.36,23.0,1,1,1,0,7.0,1
T00046,65.9,123.2,3.2,32.5,0,0,0,0,1.4,0
T00047,61.7,138.2,8.17,,1,0,1,0,4.3,0
T00048,78.4,140.6,4.43,33.1,0,0,0,0,6.9,0
T00049,47.8,129.9,8.51,24.6,0,0,1,0,2.1,0
T00050,59.1,144.4,9.32,27.9,0,0,0,0,2.9,0
T00051,73.6,157.2,9.26,,0,0,0,0,12.1,1
T00052,77.9,133.9,8.64,29.7,0,1,1,0,4.2,0
T00053,68.9,147.2,11.3,22.6,1,0,0,0,2.9,0
T00054,78.6,182.2,4.56,15.8,1,1,1,1,5.8,1
T00055,72.7,107.2,3.45,32.3,0,0,0,0,3.8,0
T00056,55.3,170.8,9.43,22.2,0,0,0,0,1.3,0
T00057,81.2,137.4,12.03,24.7,1,0,0,0,2.4,0
T00058,61.4,145.9,8.12,25.0,1,0,0,0,3.7,1
T00059,49.1,157.3,,23.2,0,0,0,0,7.2,0
T00060,71.8,134.1,7.08,23.1,0,0,0,0,5.1,0
T00061,87.0,150.7,6.87,28.0,0,0,0,0,6.9,0
T00062,77.6,140.9,7.76,28.6,0,0,0,1,2.4,1
T00063,78.0,152.0,6.51,24.0,0,0,0,0,4.9,0
T00064,69.1,151.7,8.67,17.8,0,0,0,0,7.6,0
T00065,39.9,134.4,5.57,26.2,1,0,0,0,1.9,0
T00066,74.5,154.6,6.71,32.8,0,0,0,0,2.4,0
T00067,68.7,139.5,5.06,25.3,0,0,0,0,1.3,0
T00068,37.9,137.7,3.43,23.1,0,0,0,0,7.8,1
T00069,59.8,138.3,5.71,19.5,0,0,1,0,6.6,0
T00070,57.3,152.2,8.43,36.4,1,0,0,1,10.1,0
T00071,78.7,132.5,5.05,32.5,0,0,1,0,2.4,0
T00072,68.4,144.7,8.95,35.5,0,0,0,0,3.2,0
T00073,70.3,141.5,10.69,23.3,0,1,0,0,1.9,0
T00074,69.7,165.8,,29.6,1,0,1,1,7.2,0
T00075,52.4,147.3,4.09,,0,0,1,0,3.0,0
T00076,45.4,134.5,6.37,17.3,1,0,0,0,2.8,0
T00077,67.6,144.6,4.19,27.4,0,0,0,1,1.4,0
T00078,63.8,135.3,,,0,0,0,0,7.9,0
T00079,66.8,158.8,10.12,20.1,0,0,0,0,3.2,0
T00080,65.2,149.8,6.82,35.5,1,0,0,0,18.6,0
T00081,61.5,140.2,9.12,,1,0,0,0,4.3,0
T00082,73.1,128.7,5.08,31.6,1,0,0,1,4.5,0
T00083,69.1,126.5,9.84,28.9,1,0,0,0,10.0,0
T00084,60.1,151.4,,26.0,0,0,0,1,5.4,0
T00085,46.1,145.9,,32.6,0,0,0,1,0.5,0
T00086,38.5,150.0,8.4,28.9,0,0,0,0,4.2,0
T00087,51.2,116.1,5.7,29.0,1,0,0,0,4.4,0
T00088,65.3,132.3,7.81,34.1,0,0,1,1,4.9,0
T00089,77.0,122.8,8.5,19.7,1,0,0,0,1.5,0
T00090,62.4,183.2,12.5,24.8,0,1,1,1,6.8,1
T00091,74.4,159.8,6.69,33.3,1,0,0,1,5.8,0
T00092,79.8,149.7,4.37,32.0,0,0,0,0,3.3,0
T00093,93.2,161.8,10.5,23.4,1,0,0,0,15.3,1
T00094,70.2,132.4,6.45,20.8,1,0,0,0,7.6,0
T00095,83.4,164.6,9.45,15.0,0,0,0,0,3.5,0
T00096,69.6,154.6,5.15,26.7,1,0,0,0,2.2,0
T00097,53.4,135.1,12.65,32.0,0,0,1,0,5.8,0
T00098,42.0,138.4,6.97,32.9,1,0,0,0,5.2,0
T00099,70.3,113.8,6.67,34.9,1,1,0,0,10.9,0
T00100,76.8,148.7,4.01,25.9,1,0,0,0,4.5,0
T00101,94.2,188.6,5.83,28.1,1,0,1,0,2.2,0
T00102,59.6,151.1,10.59,21.7,1,0,1,0,4.8,0
T00103,72.4,129.0,,26.6,0,0,0,0,2.6,0
T00104,65.7,176.5,9.88,24.9,1,0,0,0,4.4,0
T00105,40.9,153.7,8.91,,1,0,0,0,2.9,0
T00106,71.1,126.8,7.49,28.2,0,0,1,0,4.0,0
T00107,63.5,112.3,6.97,27.9,0,0,0,0,8.9,0
T00108,53.0,134.8,5.42,27.6,0,0,0,0,6.5,0
T00109,85.6,85.0,5.41,29.0,0,0,0,0,10.4,1
T00110,60.2,163.3,,30.2,0,0,0,0,3.3,0
T00111,72.2,163.0,4.81,29.1,0,0,1,0,4.6,0
T00112,64.1,193.3,5.13,24.4,0,0,1,0,8.1,1
T00113,59.1,162.4,8.56,28.4,1,0,1,0,16.6,0
T00114,65.2,147.8,,31.2,1,0,0,1,2.4,1
T00115,75.7,157.0,8.83,17.9,1,0,1,0,4.6,0
T00116,59.4,163.5,4.44,24.8,1,0,0,0,4.6,0
T00117,48.8,108.5,8.35,24.5,0,0,0,0,4.8,0
T00118,86.8,113.4,5.71,29.0,1,0,0,0,5.2,0
T00119,71.8,145.3,6.31,23.7,1,0,1,0,11.4,0
T00120,56.5,136.3,9.04,38.0,1,0,0,1,4.0,0
T00121,66.0,105.3,9.03,24.6,1,1,0,0,6.6,0
T00122,49.8,141.5,4.04,24.3,1,0,0,0,4.9,0
T00123,66.3,148.1,4.2,27.1,0,0,1,0,6.3,0
T00124,76.5,165.1,11.17,41.8,1,0,0,0,6.3,0
T00125,45.8,146.7,8.7,37.2,1,0,0,0,2.9,0
T00126,76.5,142.3,6.8,24.7,0,1,0,0,4.5,0
T00127,75.9,146.1,7.75,21.8,1,0,0,0,1.2,0
T00128,64.0,140.6,8.37,27.6,0,1,0,0,6.3,0
T00129,68.1,116.1,3.89,31.7,0,0,0,0,15.8,0
T00130,63.3,163.4,6.9,27.1,1,1,0,0,4.1,0
T00131,62.1,144.2,5.48,27.3,0,0,0,0,5.3,0
T00132,46.5,110.6,7.02,34.4,1,0,0,0,3.9,0
T00133,84.9,129.3,10.13,22.1,1,0,0,0,3.0,1
T00134,59.6,172.9,7.69,31.5,0,0,0,0,6.7,1
T00135,68.5,155.9,3.47,22.8,1,0,1,1,14.2,0
T00136,64.5,151.8,9.0,29.4,1,1,0,0,5.2,0
T00137,72.0,149.4,3.39,34.5,0,0,0,1,1.9,0
T00138,73.2,151.8,7.88,29.3,1,0,0,0,2.7,0
T00139,55.8,147.9,8.28,31.1,0,0,1,0,1.2,1
T00140,71.0,120.7,10.36,34.1,0,1,0,1,4.2,0
T00141,64.0,157.0,3.76,32.7,0,1,0,0,1.1,0
T00142,57.3,121.3,3.9,15.8,0,0,0,0,7.3,0
T00143,81.3,145.5,5.74,33.6,0,0,0,0,2.1,0
T00144,80.0,148.6,8.17,17.3,0,0,0,0,4.7,0
T00145,57.1,141.5,5.37,19.4,1,0,0,0,8.5,0
T00146,63.7,156.5,6.83,35.5,0,0,0,0,5.5,0
T00147,55.9,189.4,4.79,25.7,0,0,1,0,3.8,0
T00148,54.5,128.6,8.0,25.0,0,0,0,0,0.5,0
T00149,56.2,137.3,3.06,28.3,0,0,1,0,2.9,0
T00150,73.1,177.9,,34.9,1,0,0,0,5.0,0
T00151,51.4,143.3,9.41,36.7,1,0,1,0,2.9,0
T00152,50.9,153.0,6.44,31.9,1,0,0,0,7.1,0
T00153,70.2,160.6,,31.2,1,0,0,0,0.5,0
T00154,59.1,150.0,6.97,24.8,0,0,0,1,2.8,0
T00155,80.5,136.2,6.56,26.2,1,1,0,0,4.2,0
T00156,56.4,130.0,6.69,26.3,0,1,0,0,2.1,0
T00157,61.7,119.0,3.68,29.2,1,0,0,1,3.6,0
T00158,58.5,156.0,,27.1,0,0,0,0,7.8,0
T00159,41.5,86.8,7.81,27.0,1,0,0,0,1.6,0
T00160,70.8,124.0,10.3,30.9,1,0,1,0,3.7,0
T00161,74.6,136.0,5.36,29.0,0,1,1,0,4.2,0
T00162,77.5,147.0,6.33,24.7,1,0,0,0,4.7,0
T00163,64.9,140.8,9.62,24.4,0,0,0,0,0.8,0
T00164,74.3,173.6,5.84,34.2,0,0,1,0,2.3,0
T00165,65.3,168.9,9.28,33.5,1,0,0,0,3.8,0
T00166,66.0,147.4,4.98,32.5,1,0,0,1,17.7,0
T00167,58.2,139.4,9.85,23.6,1,0,0,0,4.5,0
T00168,65.3,106.4,7.16,34.5,1,0,0,0,5.9,0
T00169,56.6,130.2,6.46,26.6,1,0,0,0,5.0,1
T00170,73.6,139.6,7.63,30.9,0,0,0,0,1.1,0
T00171,59.6,114.5,,32.7,1,0,0,0,9.9,0
T00172,55.5,131.2,7.75,29.7,1,0,1,0,12.9,0
T00173,65.8,158.0,5.45,19.4,1,0,1,0,2.8,0
T00174,66.4,136.4,7.19,31.0,0,0,0,0,0.7,0
T00175,48.4,137.5,,24.2,0,0,1,0,8.7,0
T00176,55.2,158.8,9.37,27.4,1,0,1,0,4.1,0
T00177,60.6,128.1,10.06,25.2,0,0,0,0,2.0,0
T00178,71.2,118.4,6.51,24.5,1,0,1,0,14.6,0
T00179,72.7,159.0,6.1,29.8,0,0,0,0,2.6,0
T00180,75.6,143.8,7.19,31.2,1,0,0,0,4.4,0
T00181,64.1,167.4,7.71,24.6,0,0,0,0,9.9,1
T00182,57.8,151.7,4.19,23.9,1,0,0,0,4.6,0
T00183,51.2,163.3,8.53,40.7,1,0,0,0,1.1,0
T00184,68.1,121.9,3.59,26.0,0,0,1,0,4.1,0
T00185,62.4,141.2,5.58,,1,0,0,0,2.9,0
T00186,71.6,130.7,3.0,37.1,1,0,0,0,5.1,0
T00187,77.9,158.3,4.91,31.4,1,0,0,0,0.9,0
T00188,88.8,103.6,4.59,30.7,1,0,0,0,4.7,0
T00189,57.3,178.7,7.56,24.4,1,0,0,0,4.7,0
T00190,73.1,121.0,6.63,27.0,0,1,0,1,3.6,0
T00191,48.7,140.8,3.0,25.0,1,0,0,0,4.6,0
T00192,78.4,136.2,6.87,15.8,0,0,0,0,5.9,0
T00193,53.6,156.8,9.16,21.2,1,0,0,0,4.3,0
T00194,65.5,182.5,4.96,32.1,0,0,0,0,2.2,0
T00195,54.9,178.5,6.9,25.8,1,1,0,0,3.9,0
T00196,84.1,154.7,6.91,22.0,0,0,1,0,5.7,0
T00197,73.0,156.0,5.76,36.3,0,0,0,0,4.0,0
T00198,76.8,154.1,8.8,33.0,0,1,0,0,2.8,0
T00199,65.4,137.4,5.25,29.6,0,0,0,0,11.8,0
T00200,71.2,174.5,8.99,24.9,0,1,0,0,5.6,0
T00201,54.8,164.1,8.76,31.2,0,1,0,0,2.6,0
T00202,61.7,149.4,4.35,30.4,0,0,0,0,3.1,0
T00203,82.0,155.1,8.68,33.7,0,0,0,1,5.3,0
T00204,46.6,133.8,8.53,33.7,0,0,0,1,8.5,0
T00205,67.7,147.7,,18.4,0,0,0,1,4.8,0
T00206,80.3,123.6,6.21,28.7,0,1,0,0,8.4,0
T00207,78.9,108.4,8.79,25.7,1,0,0,1,12.0,0
T00208,74.3,161.0,6.58,25.8,1,0,0,0,1.7,1
T00209,67.2,152.8,7.4,37.4,1,0,0,1,4.5,0
T00210,81.9,134.6,9.74,29.6,1,1,0,0,2.4,0
T00211,63.8,161.8,8.22,29.8,1,0,0,0,2.4,0
T00212,66.5,139.9,4.61,30.0,1,1,0,0,0.7,0
T00213,48.5,177.5,5.57,34.8,0,0,0,0,3.5,0
T00214,70.4,131.5,5.62,21.5,0,0,1,0,2.6,0
T00215,63.5,156.6,8.07,29.1,1,0,0,0,4.3,0
T00216,67.0,134.5,6.01,24.7,1,1,0,0,1.5,0
T00217,42.1,156.0,5.03,31.0,0,0,0,0,10.0,0
T00218,53.9,116.3,6.76,28.4,1,0,0,0,0.4,0
T00219,65.3,168.8,9.82,28.8,0,0,0,0,5.6,0
T00220,53.6,170.9,5.78,27.4,1,0,0,0,1.6,0
T00221,74.0,136.5,9.64,25.5,1,1,0,0,1.4,0
T00222,89.8,127.0,10.39,29.6,1,0,0,0,5.5,0
T00223,66.5,169.3,6.25,24.0,0,0,0,0,8.6,0
T00224,71.7,124.0,7.31,,1,0,0,0,8.5,1
T00225,61.9,141.9,6.66,27.5,1,0,1,0,3.7,0
T00226,61.6,112.5,3.0,30.6,0,0,1,0,13.1,0
T00227,50.7,124.1,6.52,23.1,1,0,1,0,3.8,0
T00228,72.4,120.6,5.85,21.6,0,0,1,0,7.5,0
T00229,51.9,136.4,6.93,25.6,1,0,1,0,5.0,0
T00230,60.7,157.5,6.86,18.4,1,1,1,0,10.0,0
T00231,59.8,99.3,9.28,24.6,1,1,1,0,7.1,0
T00232,52.7,125.9,4.17,27.2,0,0,0,0,1.7,0
T00233,58.2,140.6,5.85,17.8,1,0,0,0,4.5,0
T00234,64.5,130.2,6.43,34.3,1,0,0,1,2.3,0
T00235,77.3,133.1,7.45,23.3,1,0,1,0,7.4,0
T00236,65.6,91.1,3.52,34.2,1,0,0,0,7.0,0
T00237,79.8,145.6,11.61,,0,0,1,0,1.3,0
T00238,69.3,176.6,7.04,20.9,1,0,0,0,5.2,0
T00239,67.1,178.0,7.9,23.0,0,0,0,0,3.7,0
T00240,70.8,151.9,7.48,22.6,1,0,1,0,3.1,0
T00241,62.4,159.8,10.0,26.0,0,0,0,0,1.8,0
T00242,75.5,138.8,3.04,28.9,0,0,0,0,2.6,0
T00243,67.0,134.3,5.41,28.2,0,0,1,1,5.8,0
T00244,66.7,156.7,3.15,33.4,0,0,0,0,5.0,0
T00245,85.1,155.2,4.37,33.3,0,0,0,0,7.7,0
T00246,56.3,127.4,10.61,28.2,1,0,0,0,8.0,0
T00247,54.9,152.4,5.9,27.0,1,0,0,0,0.3,0
T00248,64.7,132.5,6.86,26.8,1,1,0,0,3.1,0
T00249,68.7,137.8,9.86,27.5,0,0,0,0,1.5,0
T00250,62.1,142.7,6.47,21.0,0,0,0,0,5.7,1
T00251,75.3,145.4,8.19,23.7,1,0,0,0,7.1,0
T00252,69.3,132.6,6.53,28.8,1,0,0,0,6.3,0
T00253,69.5,137.5,6.91,29.0,1,0,1,0,12.2,1
T00254,51.6,171.3,7.72,35.5,0,1,0,0,2.8,0
T00255,84.0,167.6,3.0,28.6,0,0,0,1,5.6,0
T00256,66.7,137.0,5.83,25.3,1,0,0,0,11.6,0
T00257,56.2,147.7,7.01,26.8,1,0,0,0,0.7,0
T00258,80.6,155.1,6.96,26.0,0,1,0,0,3.3,0
T00259,65.7,178.6,,29.2,1,0,0,1,6.2,0
T00260,58.1,174.0,6.85,34.2,1,0,0,1,6.0,0
T00261,54.0,146.8,6.21,27.4,1,0,1,0,7.8,1
T00262,65.9,130.0,9.96,39.6,1,0,1,0,7.3,0
T00263,59.1,128.9,8.81,22.2,0,0,0,0,8.3,0
T00264,55.4,150.1,4.31,26.5,0,0,0,0,9.2,0
T00265,65.1,168.2,9.25,36.4,1,0,1,1,3.9,1
T00266,63.5,143.3,4.37,26.2,1,0,1,1,0.6,0
T00267,60.1,118.7,5.96,30.7,1,0,0,0,4.6,0
T00268,76.3,85.4,6.47,25.1,0,0,0,0,2.7,0
T00269,82.2,153.6,4.95,24.2,1,0,1,1,10.0,1
T00270,81.7,159.2,7.97,21.2,0,0,0,0,0.9,0
T00271,62.1,163.3,7.36,27.7,1,0,1,0,7.2,0
T00272,60.5,145.4,5.09,20.4,1,0,0,0,4.9,0
T00273,49.1,141.6,3.0,22.0,1,0,0,0,5.2,0
T00274,63.3,134.3,5.08,25.6,0,0,1,0,2.1,0
T00275,55.7,154.2,8.01,25.0,0,0,0,0,10.8,0
T00276,68.1,111.3,7.01,27.6,0,0,1,0,5.7,0
T00277,63.2,178.9,4.55,26.0,0,0,1,1,2.7,0
T00278,73.0,129.8,8.76,27.2,1,0,1,0,6.1,0
T00279,65.6,126.2,4.73,32.0,0,0,0,0,8.5,0
T00280,71.1,104.0,9.71,35.8,1,1,0,0,3.9,0
T00281,72.8,135.0,10.13,41.5,1,0,0,1,4.8,0
T00282,39.8,195.5,9.48,35.8,0,0,1,0,1.4,0
T00283,55.2,155.1,5.8,21.7,1,0,0,0,2.8,0
T00284,68.9,191.7,7.22,25.6,1,0,0,0,9.0,0
T00285,66.2,111.7,,25.2,1,0,0,1,5.3,0
T00286,68.3,127.7,6.74,17.2,1,0,0,0,2.2,0
T00287,60.8,154.8,8.39,18.8,0,0,1,0,6.3,0
T00288,74.0,146.2,7.45,29.5,1,0,1,0,1.7,1
T00289,61.2,151.3,6.85,24.8,0,0,0,0,1.3,0
T00290,63.4,152.1,9.41,29.7,1,0,0,0,9.4,1
T00291,59.2,123.1,5.18,28.0,0,0,0,0,6.0,0
T00292,73.7,112.9,3.0,29.0,1,0,0,0,3.0,0
T00293,75.0,136.5,6.14,31.1,0,0,1,1,4.2,0
T00294,65.7,120.7,9.99,35.8,1,0,0,1,2.8,0
T00295,70.2,146.6,7.82,20.4,1,1,0,0,1.8,0
T00296,43.7,156.5,5.81,30.1,0,0,0,0,5.6,0
T00297,76.6,125.7,6.58,35.4,1,0,0,0,2.3,0
T00298,44.6,126.9,10.01,23.4,1,0,0,0,1.7,1
T00299,59.7,141.5,9.19,28.0,1,0,1,0,4.7,0
T00300,39.7,93.9,6.05,25.1,0,0,0,0,9.2,0
T00301,59.6,143.3,5.86,30.1,0,1,1,0,4.7,0
T00302,59.0,172.0,7.97,25.4,1,1,0,0,2.8,1
T00303,88.1,137.4,9.87,33.0,1,0,0,0,6.3,0
T00304,53.5,119.9,7.31,29.8,1,0,0,1,4.5,0
T00305,36.8,158.8,4.08,23.7,0,0,0,0,5.7,0
T00306,67.3,151.1,6.42,,1,0,1,0,4.9,0
T00307,62.4,176.7,8.4,29.8,1,1,1,0,4.8,0
T00308,78.6,133.2,6.08,27.9,0,1,0,0,1.8,0
T00309,74.7,136.3,6.0,33.8,1,0,0,0,10.1,0
T00310,47.1,141.5,5.81,23.8,0,1,1,0,9.7,0
T00311,62.1,161.4,4.57,25.1,0,0,0,0,4.2,0
T00312,62.4,169.6,5.74,25.8,0,1,0,0,2.2,0
T00313,67.0,135.4,7.51,32.9,0,0,1,0,4.8,0
T00314,62.4,153.0,5.14,28.2,1,0,0,0,3.8,0
T00315,64.7,156.0,4.41,25.0,1,0,0,0,1.1,0
T00316,68.9,161.1,6.27,25.4,1,0,0,0,4.5,0
T00317,46.1,145.7,8.88,23.4,1,0,0,1,7.2,0
T00318,55.4,143.4,7.44,32.4,0,0,0,0,7.9,0
T00319,81.2,111.4,8.09,21.0,1,0,0,0,6.1,0
T00320,79.9,147.3,6.05,25.1,1,0,0,0,6.9,1
T00321,68.8,159.9,9.18,26.4,0,0,0,0,6.1,0
T00322,72.8,141.8,4.18,22.1,1,0,1,1,2.3,0
T00323,77.9,147.7,9.15,31.8,1,0,0,1,2.5,1
T00324,82.7,181.9,,32.1,0,0,0,0,14.6,1
T00325,66.1,117.6,8.99,24.9,1,0,1,0,3.3,0
T00326,59.9,126.9,6.95,28.0,1,1,0,0,5.7,0
T00327,80.2,117.7,5.61,28.3,0,1,0,0,5.1,0
T00328,64.0,145.6,3.57,36.3,1,0,0,0,7.8,0
T00329,57.5,149.8,5.68,31.9,1,0,0,0,3.1,0
T00330,73.5,122.5,5.16,26.8,0,0,1,0,8.4,0
T00331,65.1,120.8,7.77,27.5,1,0,0,0,7.4,0
T00332,66.2,149.6,3.0,27.9,1,0,1,0,5.6,0
T00333,66.1,135.2,4.37,27.7,1,0,0,0,1.7,0
T00334,75.5,124.6,4.47,31.6,0,0,0,1,8.1,0
T00335,68.6,162.9,5.25,16.0,0,0,0,0,4.2,0
T00336,68.4,163.6,8.51,26.9,1,0,1,0,9.1,0
T00337,51.6,152.3,6.36,25.1,1,0,0,0,8.8,0
T00338,51.5,166.9,6.78,26.8,1,0,0,1,1.4,0
T00339,54.5,157.9,10.68,25.3,0,0,0,0,5.5,0
T00340,59.9,125.7,8.95,25.2,0,0,1,0,5.1,0
T00341,79.7,138.1,4.42,33.0,1,0,0,0,4.0,0
T00342,60.8,126.1,8.24,,1,0,0,1,14.7,1
T00343,62.3,121.8,5.8,24.6,1,1,0,0,6.8,0
T00344,89.5,147.2,6.19,19.8,1,0,1,0,1.0,0
T00345,71.4,138.4,7.62,18.6,0,0,1,0,8.8,0
T00346,63.1,133.1,6.86,23.5,0,0,1,1,0.4,0
T00347,74.9,131.9,10.18,25.9,1,0,1,0,7.8,1
T00348,68.7,129.4,10.7,24.0,1,1,0,0,3.4,0
T00349,84.4,106.4,5.81,23.9,0,0,0,0,6.3,0
T00350,75.8,129.5,7.06,36.6,0,0,0,1,8.4,0
T00351,58.9,136.0,8.07,28.5,1,0,1,0,3.3,0
T00352,81.6,137.6,6.18,24.2,1,0,0,0,7.0,1
T00353,55.8,117.9,4.74,25.3,0,1,0,0,13.3,0
T00354,90.8,142.4,7.16,30.2,0,0,0,0,5.6,1
T00355,74.9,177.4,6.69,35.4,0,1,1,0,2.9,1
T00356,46.9,142.1,,23.8,0,0,0,0,2.6,0
T00357,94.2,119.3,8.36,,0,0,0,0,1.5,0
T00358,61.6,161.5,5.79,24.8,1,0,0,0,2.3,0
T00359,44.5,157.5,5.41,23.5,0,0,0,0,2.2,0
T00360,91.3,164.5,6.47,17.5,0,0,0,0,1.0,0
T00361,60.2,122.9,8.57,27.4,1,0,0,0,3.8,0
T00362,68.0,143.6,10.58,30.3,0,0,0,1,8.1,0
T00363,67.0,149.0,9.62,25.3,1,0,0,0,0.6,0
T00364,70.6,179.3,6.86,33.2,1,0,0,0,6.9,0
T00365,76.1,173.1,4.04,30.6,0,0,0,0,5.0,0
T00366,49.9,147.7,7.15,,1,0,0,0,2.9,0
T00367,95.0,148.0,7.61,25.9,0,0,0,0,3.6,0
T00368,77.2,182.3,9.49,35.2,0,0,0,0,4.5,0
T00369,69.7,172.0,3.09,28.1,0,0,0,0,0.5,0
T00370,76.8,99.1,6.31,27.4,1,0,1,0,2.3,1
T00371,71.0,147.2,6.93,39.0,0,1,1,0,2.7,0
T00372,78.8,156.7,7.24,35.8,1,0,1,0,7.8,0
T00373,76.7,154.8,12.19,30.2,0,1,0,0,1.9,0
T00374,78.7,165.1,6.11,22.5,0,0,0,0,11.0,0
T00375,74.8,135.9,4.54,28.3,1,0,0,0,1.8,0
T00376,67.7,168.2,6.83,36.3,1,0,0,0,7.0,0
T00377,71.7,146.7,7.61,28.1,0,0,0,0,1.8,1
T00378,64.6,117.8,8.26,31.8,0,0,1,0,3.4,0
T00379,74.3,129.5,4.75,23.8,0,1,0,0,6.8,0
T00380,53.1,144.3,8.52,22.9,0,0,0,1,4.8,1
T00381,52.0,160.7,9.15,29.6,1,1,0,0,2.6,0
T00382,78.0,160.0,7.08,29.6,1,0,0,0,2.1,0
T00383,50.5,174.9,8.78,27.5,0,0,0,0,2.5,0
T00384,71.6,151.5,7.96,27.0,0,0,1,0,5.1,0
T00385,75.3,151.2,5.9,27.5,1,0,0,0,7.3,0
T00386,41.9,127.9,4.71,21.7,0,1,0,0,5.1,0
T00387,69.0,151.9,6.16,24.3,0,0,0,0,7.3,0
T00388,84.9,148.0,,22.7,0,0,0,0,6.3,0
T00389,60.3,128.1,6.85,15.0,0,1,0,0,11.1,0
T00390,84.2,170.4,8.57,27.0,0,0,0,0,5.5,0
T00391,53.9,120.3,7.58,25.0,1,0,1,0,2.1,0
T00392,41.4,199.4,5.18,22.8,1,0,0,0,5.5,0
T00393,55.6,152.2,4.45,17.6,0,0,0,0,8.1,0
T00394,56.5,141.0,6.19,25.3,0,0,0,0,8.4,0
T00395,75.5,149.1,,23.0,0,0,0,0,3.2,0
T00396,62.5,154.7,8.16,24.9,1,0,0,0,3.8,0
T00397,57.7,116.6,8.16,24.7,1,0,0,0,4.5,0
T00398,57.3,120.2,,25.1,0,0,1,0,5.9,0
T00399,79.9,149.9,6.63,23.8,0,0,0,0,1.4,0
T00400,44.1,147.6,6.42,27.3,1,0,0,0,3.8,0
T00401,49.6,155.8,11.88,31.7,1,0,0,0,4.3,0
T00402,58.8,145.5,6.38,29.9,1,0,0,0,4.4,0
T00403,64.6,154.3,8.67,22.4,0,0,0,0,9.3,0
T00404,73.0,152.3,6.37,26.0,0,0,0,0,5.6,0
T00405,78.1,114.2,10.1,31.5,1,0,0,1,6.8,0
T00406,57.4,167.8,5.38,30.0,0,0,0,0,9.7,0
T00407,71.0,127.0,8.26,20.7,1,0,0,0,1.3,0
T00408,53.5,131.1,,37.7,1,0,0,0,5.7,0
T00409,95.0,167.3,7.58,29.5,0,0,0,0,3.3,0
T00410,65.7,140.5,7.19,17.5,0,0,0,0,5.0,0
T00411,49.7,141.3,10.13,32.3,0,0,0,1,4.0,0
T00412,77.8,150.1,5.67,31.0,1,0,0,0,12.6,0
T00413,67.7,141.6,4.98,28.2,1,0,1,0,5.0,0
T00414,79.6,178.2,7.72,29.1,1,0,0,0,1.5,1
T00415,76.2,130.6,8.21,24.5,0,0,0,0,12.9,0
T00416,46.6,142.6,6.03,22.6,1,0,0,0,3.4,0
T00417,74.2,119.8,6.62,32.0,1,1,0,0,6.9,1
T00418,61.8,148.3,4.0,27.9,0,0,0,0,3.6,0
T00419,60.6,120.4,8.18,30.4,1,0,1,0,2.5,0
T00420,66.4,109.3,8.11,33.3,1,0,1,0,1.6,0
T00421,64.7,152.9,4.86,19.0,1,1,0,0,4.5,0
T00422,68.7,136.4,,24.3,0,0,0,0,1.9,0
T00423,78.2,149.5,6.62,26.8,0,0,0,0,5.2,0
T00424,67.2,128.1,7.54,24.3,1,0,0,0,1.1,0
T00425,70.2,117.5,7.58,24.6,0,1,0,0,7.1,0
T00426,83.6,118.9,9.19,20.1,1,0,1,1,4.0,0
T00427,65.0,108.5,6.21,32.7,0,0,0,0,3.8,0
T00428,72.1,105.1,4.25,35.9,1,0,0,0,5.6,0
T00429,68.7,142.3,7.59,31.6,1,0,0,0,11.6,0
T00430,80.8,150.2,4.16,28.5,0,0,0,0,6.0,0
T00431,57.5,165.4,9.64,24.6,1,0,0,0,2.1,0
T00432,70.6,152.7,5.97,21.7,1,0,0,0,6.4,0
T00433,79.4,118.4,6.31,30.2,1,0,0,0,2.8,0
T00434,71.1,139.2,3.17,24.0,1,0,0,0,10.5,0
T00435,74.9,130.4,8.04,29.3,0,0,0,0,5.8,0
T00436,67.1,157.2,6.99,23.0,0,0,0,0,3.1,0
T00437,74.3,145.8,7.21,25.2,1,0,1,0,6.0,0
T00438,66.9,148.6,9.63,28.9,0,0,0,0,5.1,0
T00439,78.0,145.4,6.29,24.3,0,0,0,0,4.9,0
T00440,67.8,136.1,12.46,32.1,0,0,0,0,1.9,0
T00441,63.4,134.1,10.6,21.1,0,0,0,0,4.2,0
T00442,69.1,143.3,9.33,34.3,0,0,0,0,9.3,0
T00443,63.8,136.6,,29.7,0,0,0,1,2.5,0
T00444,95.0,137.6,9.95,23.4,1,0,0,0,9.3,0
T00445,75.4,156.9,,27.0,0,0,0,0,7.8,0
T00446,70.4,168.0,5.21,25.7,0,1,0,0,5.8,0
T00447,65.8,187.4,6.41,26.0,1,0,0,0,2.1,0
T00448,77.8,164.3,6.25,22.6,0,0,1,0,8.0,0
T00449,63.1,135.7,9.5,35.1,0,0,0,0,2.1,0
T00450,64.0,154.6,9.92,21.6,1,0,0,1,2.4,0
T00451,62.1,143.5,4.09,29.2,0,0,0,0,2.2,0
T00452,64.2,141.1,5.49,21.1,0,0,1,0,3.8,0
T00453,64.7,179.5,5.07,28.0,1,1,0,1,11.8,0
T00454,56.7,171.5,5.38,21.7,1,0,0,0,5.7,0
T00455,71.4,136.9,7.93,25.4,0,0,0,0,6.3,0
T00456,55.6,146.3,5.59,23.2,1,0,1,0,9.5,0
T00457,73.5,134.7,5.57,25.8,1,0,0,0,2.4,0
T00458,80.4,131.1,5.27,22.8,1,0,0,0,3.5,1
T00459,60.5,138.0,5.33,,0,0,0,0,2.6,0
T00460,61.8,126.4,5.9,23.2,1,0,0,0,8.8,0
T00461,78.9,131.0,9.84,20.3,0,0,0,0,3.8,0
T00462,61.0,156.6,7.4,19.6,1,0,0,0,5.3,0
T00463,68.7,138.7,8.14,18.8,0,0,0,0,7.5,0
T00464,66.8,111.0,5.67,35.3,0,0,0,0,2.3,0
T00465,65.6,154.4,6.62,35.0,0,0,0,0,4.2,0
T00466,58.9,172.0,8.71,27.8,0,0,0,1,0.5,0
T00467,74.8,155.7,7.57,35.7,1,0,0,1,6.9,1
T00468,68.6,144.1,,,0,0,0,0,1.1,0
T00469,63.4,131.2,5.34,27.4,0,1,0,0,3.0,0
T00470,64.3,167.8,7.28,25.6,1,1,0,0,8.0,0
T00471,55.1,137.6,,20.6,1,1,0,0,6.8,0
T00472,73.9,119.1,7.28,27.0,1,0,0,0,2.8,0
T00473,72.9,151.4,9.7,23.3,1,0,0,1,2.7,0
T00474,84.6,146.7,7.37,26.3,0,0,0,0,3.5,0
T00475,59.3,128.8,9.23,18.0,0,0,0,0,1.3,0
T00476,87.2,115.6,9.92,24.5,0,0,1,0,6.5,0
T00477,68.8,104.7,13.43,33.6,0,0,0,0,1.7,0
T00478,82.1,165.4,5.88,25.7,1,0,0,1,6.0,0
T00479,49.3,124.7,7.21,22.9,1,0,0,0,9.9,0
T00480,70.3,147.2,4.85,21.5,0,0,0,1,1.1,0
T00481,74.1,123.3,6.29,31.7,0,0,1,0,3.0,0
T00482,50.3,134.5,8.44,31.8,1,0,0,0,0.6,0
T00483,72.4,165.4,7.54,29.8,1,0,0,0,3.3,0
T00484,78.3,153.7,5.76,25.9,1,0,0,0,9.4,1
T00485,57.8,142.1,9.66,29.1,0,0,0,1,5.0,0
T00486,78.0,135.0,5.25,26.0,0,0,0,0,7.5,1
T00487,72.0,164.6,9.28,22.1,1,0,1,0,0.8,0
T00488,78.4,159.1,8.89,,0,0,0,1,6.4,0
T00489,63.4,159.5,11.55,35.0,0,0,0,0,6.5,0
T00490,54.9,166.5,5.85,27.8,0,0,0,0,3.6,0
T00491,61.5,168.6,7.21,23.9,0,0,1,0,3.1,0
T00492,69.2,122.6,4.62,28.3,0,0,0,0,5.4,0
T00493,43.4,155.5,8.1,30.2,0,0,0,0,11.3,0
T00494,71.5,130.5,7.46,27.0,1,0,0,0,1.3,0
T00495,67.1,147.6,5.52,22.2,0,0,0,0,10.0,0
T00496,65.6,156.7,5.73,26.7,0,0,0,0,6.3,0
T00497,35.3,163.2,,17.1,1,0,0,0,9.7,0
T00498,55.1,157.1,4.15,29.0,1,0,0,0,11.9,0
T00499,63.4,106.6,9.08,28.6,1,1,0,1,6.7,0
T00500,61.2,142.2,8.74,22.5,0,0,1,1,6.0,1
T00501,70.6,171.5,6.39,35.7,0,0,0,0,4.1,1
T00502,56.7,144.2,8.56,,0,0,0,0,2.8,0
T00503,57.9,148.4,6.46,18.7,0,1,0,0,9.8,0
T00504,75.9,194.8,8.64,19.8,1,0,0,0,16.2,1
T00505,73.7,139.7,3.0,30.5,1,0,1,0,9.9,0
T00506,63.5,127.1,5.13,25.0,0,0,0,0,5.1,0
T00507,59.7,162.5,6.83,25.5,0,1,0,0,6.8,0
T00508,46.7,126.7,7.79,26.4,1,0,1,0,2.8,0
T00509,71.5,137.2,,23.7,1,0,0,0,5.9,0
T00510,61.0,179.8,,33.6,0,0,0,0,2.4,0
T00511,84.7,167.7,8.05,26.9,1,0,0,0,3.7,0
T00512,59.3,154.6,9.1,27.8,0,0,0,0,9.5,0
T00513,66.9,129.5,7.18,27.8,0,0,0,0,21.6,0
T00514,59.4,145.2,4.6,18.8,0,0,0,0,2.6,0
T00515,70.1,178.2,6.4,27.3,0,0,0,0,1.5,0
T00516,95.0,145.4,10.25,17.8,0,0,1,0,1.7,0
T00517,63.3,150.3,7.66,30.2,0,0,0,0,11.6,1
T00518,56.9,180.7,6.46,25.5,0,1,0,0,1.5,0
T00519,71.2,158.5,8.28,26.8,0,0,0,0,6.0,0
T00520,70.1,127.3,6.34,27.4,0,1,0,0,18.2,0
T00521,48.2,120.8,8.61,29.8,1,0,0,0,2.3,0
T00522,77.6,150.8,10.26,20.8,0,0,0,0,6.8,0
T00523,55.5,132.1,3.53,28.6,0,0,0,0,3.9,0
T00524,77.4,153.1,,22.2,0,0,1,0,4.6,0
T00525,68.2,158.9,8.23,25.8,0,0,0,1,1.7,1
T00526,61.2,133.6,6.05,24.1,1,0,0,1,2.7,0
T00527,70.8,158.6,8.2,23.6,0,0,0,0,5.3,0
T00528,60.0,138.0,8.69,32.7,0,0,0,0,4.0,0
T00529,52.0,139.7,5.86,,1,0,1,0,3.9,0
T00530,60.3,180.0,11.7,28.8,0,0,0,0,0.4,0
T00531,65.8,132.2,9.86,20.5,0,0,0,0,13.6,0
T00532,53.2,135.2,8.45,33.3,1,0,0,0,12.0,0
T00533,66.9,145.9,3.01,36.6,1,0,0,0,4.0,0
T00534,54.4,148.6,7.07,22.1,1,0,0,1,4.5,0
T00535,73.1,137.8,,19.3,1,0,0,0,3.1,1
T00536,66.1,169.7,8.57,23.9,0,0,0,0,2.4,0
T00537,62.6,172.3,8.42,26.5,1,0,1,1,2.4,1
T00538,40.1,136.7,7.66,38.1,0,0,0,0,5.7,0
T00539,69.5,147.4,8.64,27.6,0,0,0,0,0.3,0
T00540,43.2,105.8,10.15,23.3,1,0,1,0,5.2,0
T00541,59.0,148.1,6.42,,0,0,0,0,3.0,0
T00542,50.1,151.3,,,1,0,0,0,5.3,0
T00543,82.5,136.8,,36.0,1,0,0,0,5.5,0
T00544,64.9,143.7,7.87,21.1,0,0,0,0,6.5,0
T00545,68.2,102.1,9.3,36.5,1,0,1,0,2.5,0
T00546,72.5,136.0,7.9,27.3,1,0,1,0,2.5,0
T00547,61.4,166.5,7.59,30.4,1,0,1,0,0.9,0
T00548,73.4,144.6,4.64,24.1,1,0,0,0,3.2,0
T00549,51.1,104.0,12.4,30.6,1,0,0,0,10.6,0
T00550,76.0,135.6,4.55,27.2,0,0,1,0,5.9,0
T00551,72.6,148.8,6.85,27.2,1,0,0,0,3.4,0
T00552,66.8,146.6,,27.2,1,0,0,0,3.8,0
T00553,44.7,117.2,6.58,20.9,1,0,0,1,7.0,0
T00554,46.0,138.2,10.6,32.5,0,0,1,0,11.1,0
T00555,53.2,128.7,8.78,25.8,0,0,0,0,2.6,0
T00556,60.7,146.0,,27.9,1,0,0,0,5.1,0
T00557,72.8,154.6,9.01,20.5,0,0,1,0,10.2,0
T00558,63.3,153.5,5.23,27.3,1,0,0,0,1.6,0
T00559,63.1,154.9,10.62,19.7,0,1,0,0,6.4,1
T00560,65.1,150.6,6.6,25.7,0,0,0,0,7.2,0
T00561,58.6,118.2,8.0,25.2,1,0,0,1,4.0,0
T00562,57.7,173.5,7.08,32.6,0,1,1,0,5.9,0
T00563,62.6,149.4,5.24,31.7,1,1,0,0,3.6,0
T00564,75.3,103.4,8.57,29.2,0,1,0,1,4.7,0
T00565,67.1,114.2,9.42,33.4,1,0,0,0,2.3,0
T00566,69.7,137.5,6.12,23.6,0,1,0,0,8.4,1
T00567,81.3,185.0,8.37,26.0,1,0,0,0,4.7,0
T00568,48.6,134.6,3.75,24.2,1,1,0,1,1.8,0
T00569,55.4,180.7,,26.6,1,0,1,0,6.2,0
T00570,71.8,159.8,9.62,,1,0,0,0,2.4,0
T00571,69.7,154.8,7.23,33.3,1,0,1,0,5.4,0
T00572,60.5,153.6,7.98,35.6,0,0,1,0,7.7,0
T00573,49.2,150.9,7.86,31.2,0,1,0,0,3.2,0
T00574,66.2,148.5,8.79,31.5,0,1,0,0,6.3,1
T00575,67.3,117.6,10.35,23.7,0,0,0,0,5.3,0
T00576,76.6,142.5,6.91,28.5,1,0,0,0,2.7,0
T00577,58.6,126.7,8.59,21.3,1,0,1,0,6.5,0
T00578,68.3,111.4,8.15,26.7,1,0,1,1,7.5,0
T00579,50.9,132.4,6.45,23.1,1,1,1,0,4.8,0
T00580,45.9,163.4,5.44,20.5,0,0,0,1,1.2,0
T00581,86.9,147.7,6.28,18.6,0,0,0,0,8.1,0
T00582,61.7,137.6,10.04,33.4,0,1,0,0,1.5,0
T00583,76.4,130.3,8.58,27.8,1,0,0,0,1.8,0
T00584,73.3,134.5,8.91,27.9,0,1,0,0,2.2,0
T00585,67.9,159.9,7.01,28.0,1,0,1,0,8.7,1
T00586,80.3,152.9,6.15,35.8,1,0,0,0,2.5,0
T00587,87.2,146.2,,32.4,1,0,0,0,1.1,1
T00588,62.6,123.4,4.53,31.5,1,1,0,0,14.5,0
T00589,68.0,171.1,7.93,19.1,1,0,0,0,13.2,0
T00590,53.4,160.6,5.23,27.3,1,0,0,0,12.9,0
T00591,69.6,125.8,5.55,37.2,1,0,0,0,9.7,0
T00592,72.6,152.7,5.6,29.7,0,0,0,0,3.7,0
T00593,61.7,155.5,6.79,33.3,0,0,0,0,9.8,1
T00594,63.1,125.3,7.79,22.6,1,0,0,0,1.9,0
T00595,59.9,175.6,,25.5,1,0,0,0,4.5,0
T00596,64.7,152.8,6.47,25.0,1,1,0,0,4.8,0
T00597,78.9,129.1,6.73,28.1,1,0,1,0,1.2,1
T00598,64.8,173.2,8.77,28.1,0,1,0,0,6.9,0
T00599,65.2,168.1,7.65,32.5,1,1,0,0,0.9,0
T00600,56.8,163.8,6.26,28.0,1,0,0,0,3.4,0
T00601,72.3,107.7,9.39,30.8,1,1,1,0,6.6,0
T00602,70.3,152.0,9.26,19.6,0,1,0,0,2.9,1
T00603,62.7,176.5,8.67,34.7,1,0,0,0,4.9,0
T00604,84.3,144.3,7.32,33.5,1,0,0,0,4.4,0
T00605,52.0,168.4,5.69,20.5,0,0,0,0,8.4,0
T00606,79.9,151.6,8.82,,0,0,0,0,5.1,0
T00607,72.1,90.3,5.66,24.3,1,0,0,0,4.7,0
T00608,54.1,158.4,9.13,39.0,0,0,1,0,1.1,0
T00609,73.1,122.9,3.19,23.5,1,0,0,0,6.8,0
T00610,84.5,147.8,9.97,19.5,0,0,0,0,9.4,0
T00611,79.3,136.0,8.26,33.3,1,0,0,0,2.0,0
T00612,72.5,133.6,7.83,32.2,0,0,1,0,6.7,0
T00613,81.5,138.4,4.92,32.7,0,0,1,0,8.8,0
T00614,54.9,151.5,5.47,20.2,1,0,0,0,6.2,0
T00615,69.2,130.3,6.94,30.7,0,0,0,0,1.7,0
T00616,53.7,111.6,5.8,30.3,1,1,0,0,4.2,0
T00617,64.3,142.7,10.1,33.3,1,0,0,0,3.7,0
T00618,67.4,160.8,6.58,19.6,1,0,0,0,5.3,0
T00619,67.3,180.2,11.31,26.7,0,0,0,0,8.5,0
T00620,68.3,138.4,8.02,29.2,1,0,0,0,4.9,0
T00621,63.7,143.2,6.54,32.4,0,0,0,0,7.5,0
T00622,68.6,176.9,6.98,25.9,1,0,0,0,7.5,0
T00623,72.3,139.9,4.51,30.8,1,0,0,0,6.4,0
T00624,82.2,143.5,4.16,18.7,0,0,1,0,1.9,0
T00625,68.5,132.8,7.13,32.4,1,0,0,0,7.2,0
T00626,83.5,164.9,3.54,26.3,0,0,0,0,13.7,0
T00627,58.4,137.4,8.32,21.9,1,0,1,0,2.2,0
T00628,75.7,161.6,9.5,29.9,1,1,0,0,1.0,0
T00629,73.6,150.9,5.47,35.1,1,1,1,0,6.4,0
T00630,70.4,138.8,,29.6,1,0,1,0,1.4,0
T00631,91.1,124.1,,,0,0,0,0,2.6,0
T00632,66.1,178.9,7.04,27.2,0,0,0,0,2.4,0
T00633,72.4,174.6,9.66,30.1,1,0,0,0,2.8,0
T00634,57.2,154.9,10.3,24.9,0,0,0,0,3.1,0
T00635,59.1,117.1,7.29,30.8,0,0,1,0,3.3,0
T00636,63.9,154.2,10.95,20.2,0,1,0,0,7.0,0
T00637,84.1,145.8,,23.4,1,0,0,0,3.9,0
T00638,71.5,124.0,7.23,27.7,0,0,0,0,3.4,0
T00639,61.3,125.2,3.81,24.1,0,1,0,0,5.4,0
T00640,72.2,118.0,5.86,32.8,1,1,0,0,5.8,0
T00641,86.5,139.9,6.38,19.1,1,0,0,0,6.5,0
T00642,62.9,139.9,7.1,39.0,0,0,0,0,9.1,1
T00643,70.5,146.0,7.64,37.6,1,0,0,0,4.5,0
T00644,62.6,145.6,3.95,25.8,0,0,0,0,6.3,0
T00645,64.8,143.8,8.02,26.7,0,0,0,0,8.0,0
T00646,77.8,176.3,6.46,28.8,0,1,0,0,5.4,0
T00647,58.0,155.3,,24.5,1,0,0,0,4.6,0
T00648,70.0,148.3,6.85,22.3,0,0,0,0,2.8,0
T00649,70.5,133.2,6.66,18.9,1,1,0,0,5.2,0
T00650,64.4,112.7,8.47,,0,0,0,0,2.6,0
T00651,59.4,141.0,8.48,29.8,0,0,1,0,2.4,0
T00652,73.5,172.3,6.88,24.0,0,1,0,0,3.9,0
T00653,59.7,93.7,8.41,30.6,1,0,1,0,5.3,0
T00654,55.1,88.5,8.01,26.5,0,0,0,0,4.0,0
T00655,84.0,148.4,5.1,27.9,0,0,1,0,2.6,0
T00656,67.5,122.4,5.63,29.1,0,0,0,0,1.8,0
T00657,51.0,126.6,9.22,30.7,1,0,1,0,22.1,0
T00658,60.2,151.1,6.69,20.2,0,0,0,0,10.2,0
T00659,61.9,144.3,6.68,31.6,1,1,0,0,4.1,0
T00660,66.3,139.8,9.42,28.8,1,0,0,0,2.6,0
T00661,62.2,154.7,7.31,24.7,0,0,0,0,1.5,0
T00662,75.8,148.7,8.76,31.0,0,0,1,0,6.1,0
T00663,73.0,160.0,9.82,28.0,1,0,0,0,5.6,0
T00664,87.9,172.4,,31.2,0,0,1,0,1.5,0
T00665,42.7,184.9,6.52,23.7,1,0,0,0,5.6,0
T00666,62.6,137.8,7.58,28.4,1,1,0,0,6.9,0
T00667,64.0,162.3,6.28,25.1,0,0,0,0,8.2,1
T00668,39.8,150.2,7.51,21.4,0,1,0,0,3.1,0
T00669,59.3,136.3,8.89,29.9,1,0,1,0,10.1,1
T00670,86.1,155.3,8.0,30.9,0,0,0,0,0.6,0
T00671,60.9,139.1,7.76,29.6,0,0,1,0,2.5,0
T00672,71.0,128.7,7.97,28.0,0,0,1,0,3.5,0
T00673,67.9,132.1,3.95,22.9,1,0,1,0,9.4,0
T00674,45.5,150.5,4.78,33.3,0,1,0,0,3.8,0
T00675,56.5,119.1,6.1,22.0,1,0,0,1,4.5,0
T00676,74.2,107.5,3.75,31.3,0,0,0,1,6.0,0
T00677,79.3,157.4,6.18,27.8,1,0,0,0,3.4,0
T00678,85.3,151.7,5.5,27.5,1,1,0,0,6.1,0
T00679,57.6,161.4,5.48,34.8,1,0,0,0,9.1,0
T00680,72.1,136.6,,27.4,1,0,0,0,5.4,0
T00681,57.7,105.3,8.63,29.8,1,1,0,0,3.4,1
T00682,63.1,143.4,7.64,31.6,1,0,0,0,1.5,0
T00683,44.0,130.9,9.64,30.2,1,0,1,0,6.0,0
T00684,70.3,105.1,10.7,33.9,1,0,0,0,5.5,0
T00685,86.7,139.8,,34.2,0,0,0,0,3.5,1
T00686,71.0,157.6,5.01,21.7,0,0,1,0,3.5,0
T00687,69.0,104.8,5.67,22.9,0,0,1,0,1.3,0
T00688,72.2,92.2,10.81,23.8,0,1,0,0,5.9,0
T00689,72.7,143.9,7.75,28.4,1,0,0,0,11.4,0
T00690,52.4,149.3,5.76,25.8,0,0,0,0,7.0,0
T00691,76.7,85.0,6.19,27.9,0,0,0,0,3.4,0
T00692,61.4,125.0,,30.4,1,1,0,0,3.4,1
T00693,88.3,133.6,7.12,,0,0,0,1,9.1,1
T00694,76.6,168.8,7.32,23.4,1,1,0,0,7.6,0
T00695,68.3,151.2,6.33,20.4,1,0,0,0,3.4,0
T00696,68.6,142.5,8.01,30.3,1,0,1,0,7.0,0
T00697,39.1,167.9,5.45,,0,0,0,0,3.1,0
T00698,67.8,120.5,10.77,30.4,1,0,0,0,10.0,0
T00699,67.9,114.1,7.61,19.1,1,0,0,0,1.2,0
T00700,66.7,147.0,9.63,27.3,1,0,0,0,2.8,0
T00701,59.0,181.2,6.56,25.3,1,0,0,0,3.4,0
T00702,74.2,157.5,7.47,27.5,1,0,0,0,11.1,1
T00703,71.6,120.9,9.06,22.7,0,0,0,0,2.1,0
T00704,63.0,198.8,6.54,22.2,1,0,0,0,3.0,0
T00705,67.4,137.0,4.94,31.8,0,0,0,0,5.8,0
T00706,49.1,123.5,,33.1,1,1,0,0,2.0,1
T00707,77.0,155.7,8.79,29.7,1,0,0,0,2.1,0
T00708,63.0,169.5,9.6,27.4,0,0,0,0,3.9,0
T00709,45.7,159.6,6.26,31.8,1,0,0,1,0.7,0
T00710,70.0,150.0,8.1,27.8,0,0,0,0,3.9,0
T00711,68.4,121.4,8.45,24.0,1,0,1,0,4.6,0
T00712,83.3,149.6,5.64,27.5,1,0,1,0,2.7,0
T00713,66.8,140.1,6.85,21.3,1,0,0,0,2.0,0
T00714,52.0,144.2,8.92,22.6,0,0,0,0,10.9,0
T00715,53.4,145.2,5.54,20.4,1,0,0,0,2.7,1
T00716,80.5,161.6,3.0,23.4,0,0,0,0,3.1,0
T00717,66.0,152.5,8.5,22.4,0,1,0,0,1.3,0
T00718,58.5,145.8,10.98,35.8,0,0,0,0,1.5,0
T00719,73.7,114.8,5.65,28.3,0,1,0,0,1.2,0
T00720,85.6,127.7,11.3,19.7,1,0,0,1,3.9,0
T00721,77.2,144.7,8.13,16.8,1,1,0,0,6.0,0
T00722,65.9,159.4,5.77,24.2,1,1,1,0,1.5,0
T00723,75.3,147.2,5.52,24.2,1,0,1,0,4.2,0
T00724,57.3,131.1,6.93,24.2,0,0,0,0,3.7,0
T00725,58.3,147.8,4.4,29.1,0,0,0,0,5.7,0
T00726,68.3,184.0,4.61,36.2,1,0,0,0,2.3,0
T00727,57.1,152.4,3.0,19.2,0,1,0,0,14.8,0
T00728,90.1,194.0,6.02,33.1,1,1,0,0,6.3,0
T00729,78.9,159.3,8.85,28.4,1,0,1,0,4.2,0
T00730,43.6,144.2,7.43,21.4,1,1,1,0,4.2,0
T00731,63.0,94.1,11.73,22.4,1,1,1,0,6.7,0
T00732,52.0,174.3,8.51,16.0,0,0,0,0,2.3,0
T00733,74.9,130.3,6.58,26.7,1,0,0,0,3.0,0
T00734,62.4,130.2,11.45,27.4,0,0,1,0,2.2,0
T00735,75.2,134.5,9.0,21.7,1,0,0,0,2.8,0
T00736,79.3,151.1,6.56,30.1,0,0,0,0,8.1,0
T00737,63.2,134.2,8.13,25.3,1,0,0,0,1.5,0
T00738,67.5,148.8,7.57,28.8,1,0,0,0,1.5,0
T00739,80.1,128.5,8.51,24.7,1,0,0,0,1.0,0
T00740,75.3,130.9,6.41,26.0,0,0,0,0,4.0,0
T00741,83.8,130.5,5.18,33.0,1,0,1,0,5.2,1
T00742,74.6,144.8,6.81,32.8,1,1,0,1,8.0,0
T00743,57.5,135.8,9.84,28.0,1,0,0,0,1.8,0
T00744,84.3,147.5,8.51,29.0,0,0,0,0,2.1,0
T00745,54.3,165.0,7.54,32.2,0,0,0,0,5.3,0
T00746,57.3,159.6,12.76,,0,0,1,0,6.1,0
T00747,45.6,147.5,8.63,24.7,1,0,0,0,3.5,0
T00748,54.2,102.4,9.74,24.1,0,0,0,0,2.6,0
T00749,77.0,139.4,10.51,31.6,1,0,0,1,6.2,0
T00750,63.8,126.5,3.58,27.6,1,0,0,0,5.0,0
T00751,73.3,136.9,4.41,28.7,0,0,0,0,2.0,0
T00752,52.9,159.1,8.24,17.4,1,0,0,1,1.6,0
T00753,70.5,155.3,7.82,32.6,1,0,0,0,2.9,0
T00754,80.2,165.8,8.06,29.4,1,0,0,0,21.0,0
T00755,80.5,140.8,8.35,26.9,0,1,0,0,5.1,0
T00756,66.3,133.2,5.89,26.6,1,0,0,0,2.1,0
T00757,77.8,176.5,9.0,23.5,0,0,0,0,3.4,0
T00758,90.3,126.4,5.14,28.7,1,0,0,0,4.2,0
T00759,62.3,151.7,4.97,25.7,1,0,1,0,7.3,0
T00760,75.5,136.0,5.86,30.7,1,0,1,0,2.5,0
T00761,71.5,159.7,8.17,27.6,0,0,0,0,2.5,0
T00762,67.5,139.7,5.0,24.1,1,0,0,0,6.2,0
T00763,61.0,138.6,8.07,21.0,0,0,0,0,9.8,0
T00764,63.3,128.9,7.57,21.5,1,0,0,1,3.8,0
T00765,69.7,154.3,7.63,26.8,0,1,1,0,2.8,0
T00766,77.3,126.6,7.1,21.4,0,0,1,0,0.2,0
T00767,67.4,163.9,,26.1,0,0,1,0,3.8,0
T00768,71.2,119.5,3.0,28.3,1,0,0,0,12.9,0
T00769,71.4,145.8,5.99,29.7,1,0,0,0,1.7,0
T00770,74.1,153.0,6.32,23.9,1,0,0,0,9.2,1
T00771,45.3,153.9,6.01,24.6,0,0,1,0,0.7,0
T00772,60.5,142.8,5.54,31.1,1,0,0,0,1.8,0
T00773,63.2,148.8,6.78,17.2,0,0,0,0,18.5,0
T00774,65.6,137.5,8.82,,1,1,0,0,16.3,0
T00775,75.0,184.0,6.62,34.9,1,0,1,0,1.5,1
T00776,77.5,178.4,10.92,26.6,1,0,0,0,4.8,0
T00777,76.0,134.7,6.37,29.8,1,0,0,0,2.8,0
T00778,72.6,164.9,3.0,20.6,1,1,0,0,2.9,0
T00779,61.8,168.8,5.5,30.3,1,0,1,0,3.4,0
T00780,55.6,126.9,8.98,31.6,1,1,1,0,1.8,0
T00781,60.2,118.7,7.06,25.1,0,1,0,0,5.3,0
T00782,85.0,144.9,8.99,30.9,1,0,0,1,3.7,0
T00783,64.2,163.2,,28.2,1,0,0,1,4.7,0
T00784,63.6,149.0,6.04,25.0,1,0,0,0,2.3,0
T00785,83.7,141.0,6.28,31.3,0,0,0,0,3.0,0
T00786,70.5,150.7,5.18,30.7,1,1,0,0,1.6,1
T00787,58.0,188.4,7.83,34.4,0,0,0,0,6.1,0
T00788,67.4,142.2,9.33,25.8,1,0,0,0,3.6,0
T00789,56.0,150.6,5.43,31.7,0,0,0,0,0.7,0
T00790,48.7,188.4,5.89,25.2,0,0,1,0,1.5,0
T00791,75.4,144.5,5.73,21.5,1,0,0,0,3.4,0
T00792,89.7,166.5,9.24,28.4,1,0,1,0,5.3,0
T00793,81.6,132.7,7.54,23.0,0,0,0,0,1.7,0
T00794,54.9,114.0,7.13,30.2,1,0,0,1,2.9,1
T00795,54.3,168.9,8.04,27.3,0,0,0,0,5.8,0
T00796,80.6,134.8,7.96,34.6,0,0,0,1,5.1,0
T00797,74.1,133.5,3.0,33.7,1,0,0,0,9.4,0
T00798,76.0,165.8,7.92,24.4,0,0,0,0,4.9,0
T00799,77.8,143.2,6.15,29.9,1,0,0,0,5.2,0
T00800,64.3,154.7,8.5,22.9,1,0,0,0,4.6,0
T00801,90.4,161.3,7.61,27.3,1,0,0,0,1.3,0
T00802,60.5,105.5,,18.4,0,1,0,0,8.2,1
T00803,87.5,141.8,5.9,,0,0,0,0,6.1,0
T00804,71.6,142.4,9.28,26.9,1,0,0,0,5.7,0
T00805,62.9,150.2,11.01,24.0,0,0,1,0,7.0,0
T00806,70.9,175.7,7.68,29.7,1,1,0,0,11.8,0
T00807,48.8,133.1,9.54,27.2,0,0,0,0,10.8,0
T00808,53.2,172.4,6.04,21.8,0,0,0,0,1.6,0
T00809,71.6,157.2,6.44,34.4,1,0,0,0,2.5,0
T00810,58.8,134.9,6.88,36.8,1,0,0,0,3.8,0
T00811,73.8,152.3,5.39,,0,0,0,0,6.0,0
T00812,83.3,115.5,3.39,29.6,0,0,0,0,8.6,0
T00813,74.7,148.8,5.87,26.4,1,0,0,0,3.6,0
T00814,62.3,160.8,9.13,28.3,0,0,0,0,1.6,0
T00815,74.0,194.9,7.23,33.7,0,0,0,0,3.6,0
T00816,65.5,172.9,4.87,29.1,1,0,0,0,4.5,0
T00817,62.9,95.0,5.87,24.1,0,0,0,0,3.8,0
T00818,65.1,155.7,7.5,27.8,1,0,0,0,4.7,0
T00819,61.8,140.9,9.38,26.5,0,0,0,0,2.7,0
T00820,50.4,112.2,7.21,25.6,0,0,0,0,4.3,0
T00821,43.9,139.2,6.31,27.3,1,0,0,0,16.1,0
T00822,42.6,139.7,7.8,25.0,0,0,0,0,2.1,0
T00823,66.2,190.6,8.95,25.3,1,0,0,0,2.8,0
T00824,39.4,179.5,6.87,19.8,0,0,1,0,3.2,0
T00825,76.5,107.3,7.07,26.1,0,0,0,0,4.7,0
T00826,59.1,128.9,9.31,23.9,0,0,1,0,8.4,0
T00827,63.0,127.8,6.62,26.5,0,0,0,1,3.1,0
T00828,70.0,130.0,7.05,24.9,0,0,0,1,2.4,0
T00829,80.9,161.1,5.01,25.0,0,0,0,0,5.8,0
T00830,57.0,153.6,5.33,23.6,0,0,1,0,4.6,0
T00831,56.5,188.2,3.0,29.9,0,0,0,0,9.7,0
T00832,68.1,149.0,11.31,22.4,0,0,0,0,2.0,0
T00833,56.5,155.3,9.68,29.1,0,0,0,0,4.7,0
T00834,72.3,163.8,5.29,28.2,0,0,1,0,8.9,0
T00835,54.1,131.8,9.26,28.7,0,0,1,0,1.1,0
T00836,65.5,145.6,,21.6,0,0,0,0,10.0,0
T00837,62.7,119.5,9.89,40.5,1,0,0,1,7.4,1
T00838,58.9,143.4,6.4,25.3,0,0,0,0,2.0,0
T00839,56.1,133.0,6.58,27.3,1,0,0,0,4.9,1
T00840,55.6,115.9,7.41,32.1,0,1,0,0,0.9,0
T00841,66.2,161.7,6.74,26.9,1,0,0,0,11.4,1
T00842,60.6,161.9,,21.7,0,0,1,0,1.6,0
T00843,77.9,163.2,8.05,15.7,1,0,1,0,9.0,0
T00844,45.7,143.6,7.52,21.9,0,0,0,0,0.4,0
T00845,72.4,163.7,9.71,23.5,1,0,1,1,2.1,0
T00846,71.4,124.6,7.94,18.0,0,0,0,0,8.8,0
T00847,81.3,150.3,6.84,35.8,0,0,1,0,10.8,0
T00848,64.5,130.0,7.5,28.1,1,0,0,1,1.2,0
T00849,77.4,165.9,6.53,20.3,1,0,0,0,4.4,0
T00850,66.4,138.8,10.9,19.4,0,0,0,0,1.8,0
T00851,64.3,163.5,8.0,30.7,0,0,0,0,7.0,0
T00852,81.6,128.7,7.03,25.8,0,0,0,0,3.9,0
T00853,72.6,128.3,8.55,20.4,1,1,0,1,4.2,1
T00854,61.8,124.8,6.33,30.6,0,0,0,0,7.0,0
T00855,52.5,179.8,5.33,23.2,1,0,1,0,4.5,0
T00856,76.9,168.2,7.39,34.6,1,0,0,0,9.0,0
T00857,76.3,150.3,7.38,34.6,1,0,0,0,3.7,0
T00858,49.0,145.8,8.12,23.1,1,0,1,0,3.0,0
T00859,65.7,164.0,,26.5,0,0,0,0,5.9,0
T00860,84.2,105.7,10.6,24.5,0,0,0,0,2.3,0
T00861,65.2,125.9,,22.8,0,0,0,0,4.4,0
T00862,87.4,134.1,,29.7,0,1,1,0,6.2,0
T00863,72.7,124.3,10.98,26.1,1,0,0,1,2.3,0
T00864,54.7,126.5,7.25,29.2,0,0,0,0,2.7,0
T00865,59.5,131.8,5.99,30.1,1,1,0,0,5.6,0
T00866,78.3,140.3,6.7,18.7,1,0,0,0,1.8,0
T00867,71.9,166.4,8.43,31.0,1,0,1,0,2.3,0
T00868,83.7,153.5,5.06,19.4,0,0,0,0,10.0,0
T00869,60.6,142.2,3.01,27.7,0,0,1,0,2.5,0
T00870,64.9,135.1,3.58,26.0,0,0,0,1,2.9,0
T00871,87.2,124.8,7.35,28.4,1,1,1,0,1.9,0
T00872,69.2,96.5,6.55,30.8,0,0,1,0,2.2,0
T00873,48.8,107.7,9.83,21.9,0,0,0,0,12.8,0
T00874,67.7,119.9,9.81,25.0,1,1,0,0,12.6,0
T00875,63.9,155.1,8.41,15.8,1,1,0,0,6.9,0
T00876,33.4,151.0,7.39,26.8,1,0,0,0,5.0,0
T00877,68.3,163.6,5.8,23.5,1,0,0,0,2.8,0
T00878,72.2,144.4,11.28,30.4,0,1,0,0,3.4,0
T00879,80.7,158.2,7.41,22.7,1,0,0,0,1.1,0
T00880,59.1,123.7,4.86,37.9,1,0,0,0,11.0,0
T00881,74.7,144.6,7.1,28.5,1,1,1,0,5.6,0
T00882,41.5,147.5,3.0,27.8,1,0,0,0,1.3,0
T00883,76.3,129.0,7.73,,0,0,1,0,7.2,0
T00884,62.0,149.6,5.76,31.2,0,0,0,0,4.1,0
T00885,50.5,122.0,6.01,24.9,1,1,0,0,3.3,1
T00886,64.8,149.2,5.39,26.8,1,0,0,0,4.3,0
T00887,71.7,167.5,8.65,22.9,1,0,0,1,2.1,0
T00888,43.6,119.6,8.66,29.7,1,0,1,0,6.6,0
T00889,77.8,129.1,3.87,18.4,1,0,0,0,3.4,0
T00890,88.2,183.6,6.15,21.5,1,1,0,0,7.7,1
T00891,69.8,171.1,3.62,39.3,1,0,0,0,2.5,0
T00892,81.8,160.3,9.78,30.4,0,0,0,0,11.0,1
T00893,62.6,153.5,7.94,27.6,0,1,0,1,8.6,0
T00894,54.9,177.6,7.62,25.3,0,0,0,1,2.9,0
T00895,72.9,142.2,4.88,24.3,1,0,1,0,8.6,0
T00896,95.0,122.1,9.48,,0,0,1,0,4.7,0
T00897,70.1,131.7,8.74,25.3,1,0,1,0,11.9,0
T00898,56.9,139.4,5.44,30.1,0,0,0,0,3.0,0
T00899,59.1,118.0,7.76,24.4,1,0,0,0,1.0,0
T00900,69.4,128.0,8.75,30.8,0,0,1,0,11.4,1
T00901,65.5,143.8,,29.5,1,0,0,0,2.7,1
T00902,55.2,144.3,8.78,40.4,1,0,0,0,4.8,0
T00903,76.3,141.5,11.92,23.4,0,0,1,0,1.3,0
T00904,60.9,130.9,10.33,36.8,0,1,1,0,5.6,0
T00905,75.1,131.3,6.97,33.0,0,1,0,0,2.8,0
T00906,44.3,161.4,9.13,19.8,0,1,0,0,6.8,0
T00907,69.3,139.0,5.25,24.0,1,0,1,0,3.0,0
T00908,55.1,149.1,10.33,28.9,1,0,0,0,1.5,0
T00909,66.7,134.0,4.88,31.3,0,1,0,0,6.2,0
T00910,73.4,132.1,6.74,18.0,1,0,0,1,4.6,0
T00911,78.2,126.9,9.85,30.2,1,0,0,0,6.9,0
T00912,67.3,139.8,7.41,32.3,1,0,0,0,0.5,0
T00913,65.7,155.4,8.87,23.1,1,0,0,0,3.8,0
T00914,63.5,172.5,,20.7,1,0,0,0,5.2,0
T00915,60.3,105.1,7.21,24.3,0,0,0,0,11.1,0
T00916,80.0,186.1,9.19,29.5,1,0,0,0,6.2,0
T00917,76.2,161.3,8.45,22.9,0,0,0,0,4.2,0
T00918,39.7,157.1,5.73,27.3,0,0,0,0,3.3,0
T00919,63.0,150.7,7.13,25.8,1,1,0,1,4.1,0
T00920,71.3,142.1,6.07,30.3,1,0,0,0,9.9,1
T00921,63.4,113.3,5.68,25.1,0,1,0,0,4.1,0
T00922,57.4,176.0,6.9,28.7,1,0,1,0,2.4,0
T00923,57.1,143.4,8.07,25.7,0,0,0,0,0.6,0
T00924,53.6,147.8,7.52,27.2,1,0,0,0,2.8,0
T00925,53.0,160.2,9.36,28.0,0,0,0,0,2.0,0
T00926,74.8,171.8,8.34,24.0,0,0,1,0,4.7,0
T00927,69.4,131.1,6.9,31.5,1,0,0,0,8.4,0
T00928,67.1,144.0,4.93,29.9,0,0,0,0,6.0,0
T00929,72.4,142.9,8.88,25.9,1,0,0,0,4.5,0
T00930,66.3,158.2,8.02,25.1,1,1,1,0,12.6,0
T00931,66.0,128.9,8.3,28.9,1,0,0,0,0.5,0
T00932,54.8,143.1,3.19,25.2,0,0,0,0,1.4,0
T00933,70.2,145.5,8.13,29.8,1,0,0,0,4.9,0
T00934,57.4,158.8,6.32,15.5,1,0,0,1,10.7,0
T00935,63.8,147.0,8.42,23.3,0,0,0,0,6.2,0
T00936,62.7,146.5,5.83,37.8,0,1,0,0,4.8,0
T00937,78.3,98.4,9.31,30.0,0,0,0,0,2.8,0
T00938,65.4,161.7,6.03,31.3,0,0,1,0,6.6,0
T00939,65.1,165.3,7.49,30.5,1,0,0,0,5.7,0
T00940,52.9,144.3,7.22,21.6,1,0,1,0,7.3,0
T00941,54.8,91.9,9.6,33.3,0,0,1,1,6.0,1
T00942,52.7,135.6,7.53,25.8,0,0,0,0,6.4,0
T00943,62.5,142.4,5.65,29.7,1,0,0,0,11.5,0
T00944,69.7,129.4,10.03,23.4,1,0,0,0,7.4,0
T00945,69.6,130.2,5.24,28.4,0,0,0,1,7.5,0
T00946,59.1,138.0,6.32,31.8,1,0,1,1,2.8,0
T00947,54.3,134.4,5.67,20.6,1,0,0,1,2.5,0
T00948,76.9,142.4,4.12,26.0,1,0,0,0,3.8,0
T00949,63.5,101.0,6.19,29.9,0,0,0,0,8.3,0
T00950,52.0,144.6,4.86,26.0,0,0,0,0,1.0,0
T00951,63.7,120.8,7.76,35.1,1,0,0,0,7.5,0
T00952,64.2,161.0,9.12,26.6,1,0,1,0,4.6,0
T00953,63.1,175.8,5.86,20.3,1,0,1,0,3.2,1
T00954,61.3,127.1,9.29,28.8,1,0,0,1,4.0,1
T00955,52.6,160.4,5.63,29.2,0,0,0,0,2.4,0
T00956,76.6,128.6,8.17,27.4,0,0,0,0,2.8,0
T00957,35.1,156.1,3.44,24.4,1,0,0,0,8.8,0
T00958,78.3,147.6,5.8,24.9,0,1,1,0,1.8,0
T00959,52.1,134.5,7.63,,1,0,0,0,7.4,0
T00960,66.2,138.9,6.66,,1,0,0,0,9.8,0
T00961,56.6,123.7,4.2,22.7,1,0,0,0,4.3,0
T00962,52.0,121.2,7.47,,1,0,0,0,15.3,0
T00963,38.1,141.8,8.06,35.1,1,0,0,0,1.4,0
T00964,61.2,130.0,,,1,0,0,0,4.0,1
T00965,49.8,171.6,5.07,24.1,0,0,0,0,9.0,0
T00966,64.9,142.7,7.5,,1,1,0,0,3.9,0
T00967,65.3,115.5,7.94,28.4,0,1,0,0,3.0,0
T00968,60.0,119.2,6.48,25.3,0,0,1,0,1.7,0
T00969,36.1,102.5,4.69,27.8,1,1,0,0,4.7,0
T00970,52.0,131.6,8.37,32.9,1,0,0,1,2.8,0
T00971,72.9,148.4,5.57,26.4,1,0,1,0,2.3,0
T00972,62.1,159.5,6.38,16.8,1,0,0,1,5.4,0
T00973,69.0,162.0,8.52,25.6,1,0,0,0,2.5,0
T00974,55.9,122.0,8.85,34.6,1,0,0,0,4.8,0
T00975,68.5,141.2,5.82,20.8,0,0,0,0,4.8,0
T00976,65.0,161.0,4.07,27.6,0,0,1,0,1.2,0
T00977,83.8,151.5,12.7,27.8,0,0,0,0,9.6,0
T00978,69.0,126.1,5.2,35.6,1,0,1,0,3.7,0
T00979,75.4,146.6,10.63,23.1,0,0,0,0,1.3,0
T00980,56.0,143.7,8.44,,1,0,1,0,2.5,0
T00981,59.5,165.6,6.36,16.6,0,0,0,0,1.3,0
T00982,65.2,134.2,5.32,28.7,0,0,0,0,1.6,0
T00983,63.7,147.9,6.66,28.8,1,0,0,0,6.5,0
T00984,65.9,158.3,4.04,29.2,0,0,0,0,7.2,1
T00985,59.8,146.9,10.21,30.6,0,1,1,0,9.2,0
T00986,54.5,144.9,9.43,21.7,0,0,1,0,13.5,1
T00987,70.1,177.6,5.07,28.9,1,1,0,0,3.6,0
T00988,72.5,143.5,8.3,29.6,1,0,0,0,2.8,1
T00989,59.9,131.8,7.69,23.1,0,0,1,0,6.0,0
T00990,63.0,179.3,8.5,,0,0,0,0,1.6,0
T00991,92.3,134.3,3.86,30.8,1,0,0,0,8.1,0
T00992,65.2,150.3,5.01,19.6,0,0,0,0,6.9,0
T00993,76.2,142.5,7.92,27.0,1,0,0,0,6.2,0
T00994,47.2,138.0,4.56,22.9,0,0,0,1,6.8,0
T00995,84.4,149.1,6.24,30.5,0,0,0,1,3.4,0
T00996,54.2,150.1,5.6,,1,0,0,0,4.7,0
T00997,68.8,140.0,6.78,27.9,0,0,0,0,2.7,0
T00998,70.3,143.9,6.05,25.0,0,1,0,1,4.0,0
T00999,73.2,121.4,7.11,26.6,1,0,0,0,7.7,0
T01000,65.4,152.7,10.57,25.4,0,0,1,0,7.5,0
T01001,69.9,131.2,4.29,27.1,1,1,0,0,6.3,0
T01002,74.0,147.0,7.93,22.7,0,1,1,0,16.7,0
T01003,71.9,132.6,5.39,25.3,0,0,0,0,3.1,0
T01004,61.0,143.6,8.23,38.0,1,0,0,0,2.6,0
T01005,69.3,176.4,7.33,27.9,0,0,1,0,8.0,0
T01006,58.5,136.0,12.18,30.7,0,0,1,0,3.4,0
T01007,83.8,125.1,5.89,22.8,0,0,0,0,10.5,0
T01008,58.1,148.5,12.46,32.7,1,0,0,0,5.1,0
T01009,66.5,143.9,6.19,31.5,1,0,1,0,1.5,0
T01010,66.1,133.5,5.22,26.0,1,0,0,0,3.2,0
T01011,62.9,149.3,9.09,21.6,0,0,0,0,6.9,0
T01012,44.0,132.5,6.27,28.8,1,1,0,1,8.1,1
T01013,81.5,154.7,9.32,28.1,0,0,0,0,1.3,0
T01014,56.5,124.7,6.48,23.7,0,0,0,0,3.5,0
T01015,52.5,167.2,7.3,31.1,1,0,0,0,9.0,1
T01016,60.9,143.0,6.99,32.2,1,0,0,0,6.7,0
T01017,60.3,144.3,5.78,27.2,1,0,0,0,4.7,0
T01018,77.9,147.8,6.05,29.1,1,0,0,0,4.1,0
T01019,63.6,154.5,7.21,27.0,1,0,0,0,0.7,0
T01020,81.4,156.7,6.62,27.2,0,0,0,0,1.5,0
T01021,64.1,146.0,6.16,,1,0,0,0,17.8,0
T01022,77.8,166.4,3.55,22.6,0,0,1,0,7.4,0
T01023,78.6,144.4,9.27,36.7,1,0,0,0,1.8,0
T01024,76.2,167.2,6.86,,1,0,0,0,4.5,0
T01025,62.9,155.1,8.06,18.8,1,0,1,0,2.3,0
T01026,49.6,134.9,6.51,31.6,0,0,0,0,5.7,0
T01027,91.8,158.7,7.33,28.7,1,0,0,0,1.3,0
T01028,49.1,157.9,5.14,29.6,1,1,0,0,1.6,1
T01029,67.0,147.7,6.66,26.6,1,0,0,0,5.3,0
T01030,87.5,152.2,7.49,28.2,1,0,1,0,4.4,0
T01031,75.2,161.1,9.38,23.5,1,0,1,0,8.4,1
T01032,55.7,160.2,4.44,28.6,1,0,1,0,6.7,0
T01033,71.7,171.5,5.52,27.6,1,0,0,0,4.4,0
T01034,84.1,162.7,5.89,24.3,1,0,0,0,0.8,0
T01035,61.1,158.1,7.28,16.0,0,0,0,0,4.0,0
T01036,71.2,124.1,8.19,31.5,1,0,1,1,5.8,1
T01037,75.4,133.7,3.75,29.2,0,0,0,0,2.8,0
T01038,55.0,144.8,8.8,30.3,1,0,0,1,3.2,0
T01039,71.1,136.8,8.88,27.2,1,1,0,0,1.6,0
T01040,69.4,164.1,5.63,20.7,0,1,1,1,3.6,0
T01041,60.2,135.5,,33.5,1,0,0,0,12.3,1
T01042,61.4,139.5,9.95,30.5,1,0,1,0,1.6,0
T01043,61.7,157.6,7.34,35.1,0,0,0,0,5.2,0
T01044,75.2,128.2,10.07,28.5,1,1,0,1,3.6,0
T01045,73.5,166.9,3.42,26.8,1,0,1,0,3.8,0
T01046,59.9,143.1,11.02,26.7,0,0,0,0,8.7,0
T01047,59.1,198.3,7.53,28.3,0,0,0,1,11.3,0
T01048,75.3,148.2,8.86,26.7,1,0,0,0,3.9,0
T01049,38.3,130.1,4.22,21.1,0,0,0,1,7.1,0
T01050,48.4,163.2,,23.3,1,0,0,0,3.7,0
T01051,60.1,137.5,3.7,,1,0,0,1,6.6,0
T01052,60.5,137.4,7.45,23.4,1,0,0,0,9.1,0
T01053,69.9,147.5,5.06,26.8,1,0,0,0,3.1,0
T01054,74.0,156.0,8.65,27.9,1,0,0,0,5.1,1
T01055,74.0,139.5,6.87,27.6,0,1,0,1,3.1,0
T01056,67.2,157.0,6.27,31.3,0,0,0,0,7.1,0
T01057,77.2,161.1,6.83,26.2,0,0,1,0,5.4,0
T01058,72.7,119.5,8.18,29.7,0,0,0,0,2.2,0
T01059,82.1,142.8,8.95,29.5,0,0,0,0,1.7,0
T01060,89.3,157.2,7.86,34.9,0,0,0,0,3.5,0
T01061,70.9,129.9,10.41,29.2,1,0,1,0,8.2,0
T01062,65.1,118.9,,32.9,0,1,0,0,0.2,0
T01063,78.5,173.1,9.45,26.3,1,0,0,1,10.9,0
T01064,68.0,139.7,8.01,18.7,0,0,0,0,1.7,0
T01065,66.7,154.4,6.03,25.0,1,0,1,0,6.6,0
T01066,38.3,161.1,,21.1,1,0,1,1,3.1,0
T01067,57.9,149.6,9.04,,0,0,0,1,4.4,0
T01068,52.9,122.1,11.9,29.7,0,1,0,0,4.3,0
T01069,67.4,143.1,5.48,40.3,1,1,1,0,2.4,0
T01070,67.8,136.6,7.17,25.1,0,0,0,1,20.5,0
T01071,62.8,140.7,,29.5,1,0,0,0,2.2,0
T01072,70.3,145.0,8.05,27.5,0,1,1,0,4.2,0
T01073,71.2,132.4,7.7,20.6,0,0,0,0,5.2,0
T01074,87.7,161.3,5.16,25.4,1,0,0,1,0.8,0
T01075,72.6,149.9,11.25,30.3,0,0,0,0,2.8,0
T01076,52.7,136.3,10.73,20.3,1,0,1,0,7.6,1
T01077,64.9,118.2,7.64,28.0,0,0,0,0,11.0,0
T01078,71.7,187.6,8.23,16.7,0,0,0,0,1.0,0
T01079,72.9,143.7,7.36,25.2,0,0,0,0,1.7,0
T01080,70.5,147.0,7.11,26.6,0,0,0,0,6.9,0
T01081,68.8,159.9,9.24,,1,0,0,0,2.8,0
T01082,70.3,147.4,11.4,29.8,1,0,1,1,2.3,0
T01083,46.8,156.5,7.09,27.3,1,1,1,0,3.5,0
T01084,52.5,153.3,7.37,24.6,0,0,0,0,3.1,0
T01085,63.6,131.0,7.06,35.1,1,0,0,0,5.1,0
T01086,82.4,144.8,3.44,30.2,1,1,0,0,5.1,1
T01087,76.4,129.1,,27.0,1,0,1,0,3.5,0
T01088,71.8,158.9,7.04,33.4,1,0,1,0,3.8,1
T01089,73.5,173.2,8.53,23.9,1,0,0,1,7.5,0
T01090,82.4,135.8,5.92,33.5,0,0,0,0,2.6,0
T01091,57.2,114.2,7.31,31.1,1,0,1,0,7.2,1
T01092,60.3,119.3,5.11,35.6,0,0,1,0,5.5,0
T01093,60.6,150.4,,24.7,1,0,0,0,3.2,0
T01094,74.6,191.7,4.61,33.3,0,0,0,0,6.4,0
T01095,61.3,151.9,5.1,24.6,1,0,0,0,1.3,0
T01096,61.1,116.6,4.97,25.5,1,1,0,0,3.6,0
T01097,66.1,126.6,5.51,25.7,0,0,0,0,2.6,1
T01098,55.2,146.4,7.23,27.8,1,0,0,0,5.4,0
T01099,71.6,158.8,5.68,26.0,0,0,1,1,5.3,0
T01100,84.9,150.9,8.85,27.0,0,0,0,0,6.4,0
T01101,69.7,163.1,8.3,31.0,1,0,1,1,5.6,0
T01102,67.7,155.6,9.19,28.3,0,0,0,0,2.0,0
T01103,77.6,159.3,5.29,34.3,0,0,0,0,10.6,0
T01104,77.2,140.5,8.55,33.7,0,0,0,0,2.3,0
T01105,40.5,161.6,9.05,33.1,1,0,1,0,5.7,0
T01106,46.3,120.3,4.08,35.0,0,1,0,0,1.8,0
T01107,85.2,137.4,6.25,17.9,1,1,0,0,5.2,0
T01108,89.2,180.7,5.81,20.2,1,0,0,0,5.0,0
T01109,62.5,157.8,5.64,33.5,1,0,0,1,0.3,0
T01110,63.2,196.6,6.1,25.4,0,1,0,1,3.1,0
T01111,69.7,139.3,11.81,27.9,1,0,0,0,6.0,0
T01112,50.2,171.3,9.18,34.2,1,0,0,0,10.1,1
T01113,53.4,144.3,8.0,31.6,0,0,1,0,0.9,0
T01114,58.0,174.3,4.96,35.2,0,0,1,0,1.9,0
T01115,70.4,121.1,7.21,28.4,1,0,0,0,3.7,0
T01116,60.9,152.9,8.66,24.5,0,0,0,0,3.7,0
T01117,74.0,155.1,3.0,32.1,1,0,1,0,3.1,0
T01118,73.7,154.5,10.34,24.0,0,0,0,0,4.2,0
T01119,78.8,145.7,7.22,28.1,1,0,0,0,5.9,0
T01120,83.5,157.5,8.24,29.7,1,0,0,0,1.7,0
T01121,57.5,142.3,8.65,27.1,0,0,1,0,21.3,1
T01122,62.6,115.9,5.94,30.7,0,0,0,0,3.4,0
T01123,61.8,122.2,6.53,37.6,1,0,0,0,10.7,0
T01124,47.3,148.5,3.98,32.2,0,1,1,1,1.6,0
T01125,86.2,142.0,6.62,18.2,0,0,1,0,3.6,0
T01126,74.2,134.7,10.01,23.6,1,1,0,0,4.2,0
T01127,57.1,142.1,8.43,20.2,1,0,0,0,5.2,0
T01128,74.1,115.3,,36.2,0,1,0,0,6.2,0
T01129,54.7,112.1,5.76,21.0,1,0,1,0,4.9,1
T01130,68.2,138.3,9.47,29.2,1,0,0,0,15.4,1
T01131,68.7,162.0,5.69,23.6,0,0,0,0,5.2,0
T01132,43.1,200.2,8.21,22.1,1,0,0,0,2.8,0
T01133,62.7,161.3,10.15,24.3,0,0,0,0,6.3,0
T01134,63.8,155.9,9.15,28.8,1,0,0,0,2.0,0
T01135,80.5,148.0,8.32,22.6,1,0,0,0,4.8,0
T01136,51.4,145.4,9.02,17.9,0,0,0,0,1.7,0
T01137,80.2,127.8,10.32,25.0,1,0,0,1,7.9,1
T01138,83.8,118.1,8.23,31.1,1,0,0,0,3.6,0
T01139,70.0,161.4,,20.1,1,0,0,0,8.4,0
T01140,65.8,166.2,10.43,31.1,1,0,0,0,9.8,0
T01141,62.4,155.3,3.17,,1,0,0,0,9.3,0
T01142,76.0,143.6,8.79,25.3,0,0,0,0,10.1,0
T01143,58.8,125.8,7.65,29.0,1,1,1,0,1.4,0
T01144,37.1,118.9,8.94,22.6,0,1,0,0,5.4,0
T01145,57.3,164.1,,30.8,0,0,1,0,8.4,0
T01146,71.9,161.7,9.16,24.3,0,0,0,0,1.3,0
T01147,45.8,177.4,8.23,24.1,1,0,1,1,1.7,0
T01148,79.3,105.9,8.63,24.6,1,0,0,0,2.7,0
T01149,69.4,150.2,6.33,31.1,1,0,1,0,2.3,1
T01150,56.9,128.6,8.73,17.6,0,0,0,0,9.8,0
T01151,47.8,151.1,6.52,30.5,0,0,0,0,3.2,0
T01152,73.8,130.3,8.94,22.2,0,0,0,1,5.0,0
T01153,68.9,171.6,6.48,34.1,0,1,1,0,5.7,0
T01154,55.8,138.0,5.31,31.2,1,0,1,0,6.0,0
T01155,94.8,143.5,3.33,27.5,1,0,1,0,15.1,1
T01156,80.5,156.2,6.18,24.2,1,0,1,0,5.8,0
T01157,60.6,148.8,9.01,35.7,1,0,0,1,5.0,0
T01158,54.1,110.1,5.29,28.4,1,0,0,0,2.6,0
T01159,55.0,126.6,7.19,21.9,1,0,0,0,1.3,0
T01160,56.7,140.8,8.52,33.8,1,0,0,0,1.0,0
T01161,66.4,175.1,8.28,26.1,0,0,0,1,1.8,0
T01162,68.7,151.7,,28.5,0,0,1,0,4.1,0
T01163,66.6,140.5,5.75,22.6,1,0,1,0,7.9,0
T01164,63.4,139.0,5.6,23.7,0,0,1,1,5.2,0
T01165,55.4,158.3,7.57,31.4,1,0,0,1,2.9,1
T01166,57.2,162.6,6.93,29.9,1,0,0,0,5.8,0
T01167,70.0,141.0,5.4,32.8,0,0,1,0,1.9,0
T01168,63.0,119.3,10.39,25.5,1,0,1,0,3.8,0
T01169,88.4,177.0,4.71,27.0,1,0,0,0,6.0,0
T01170,64.4,155.4,6.22,31.3,1,0,0,0,2.6,0
T01171,52.5,144.1,3.0,22.3,0,1,0,0,2.8,0
T01172,54.7,139.1,5.25,21.6,0,1,0,0,1.7,0
T01173,68.3,137.1,5.66,25.0,1,0,0,0,7.6,0
T01174,60.4,139.1,6.33,36.2,0,0,0,0,2.2,0
T01175,54.8,144.2,8.83,32.4,0,0,0,0,5.2,0
T01176,87.3,129.2,3.49,26.2,0,0,1,0,6.4,0
T01177,81.4,133.3,,32.1,0,0,1,0,7.0,0
T01178,63.3,160.7,6.77,29.2,0,0,0,0,6.0,0
T01179,39.8,147.0,6.76,25.7,1,0,1,0,5.3,0
T01180,84.9,165.3,8.16,27.3,0,0,0,0,1.6,1
T01181,48.6,159.2,5.89,23.9,0,1,0,0,9.1,0
T01182,59.9,161.8,5.25,26.8,1,0,1,0,5.7,0
T01183,70.7,118.9,6.71,21.4,1,0,0,0,5.9,0
T01184,73.7,132.0,5.23,25.0,0,0,0,0,3.6,0
T01185,62.1,164.5,6.45,30.3,0,0,0,0,1.7,0
T01186,47.2,135.3,5.46,28.3,0,0,0,0,1.4,0
T01187,78.3,134.5,7.3,22.3,0,0,0,0,5.2,1
T01188,56.1,128.3,7.76,30.3,0,1,0,0,3.6,0
T01189,59.8,174.3,3.67,28.4,1,0,0,0,5.5,0
T01190,78.9,144.3,9.48,31.0,1,0,0,0,3.6,0
T01191,49.7,120.6,5.99,24.8,0,1,1,0,5.4,0
T01192,57.5,175.7,8.73,25.7,0,0,0,1,4.3,0
T01193,70.2,118.5,6.29,,0,0,0,0,3.6,0
T01194,41.2,127.3,4.91,27.3,0,0,0,0,4.2,0
T01195,79.8,128.9,6.11,33.5,0,0,0,0,8.6,0
T01196,56.8,104.2,6.52,29.4,0,0,0,1,2.3,0
T01197,64.1,146.6,8.09,31.3,0,0,0,0,3.8,0
T01198,67.3,148.4,5.62,24.3,1,0,1,0,1.4,0
T01199,82.2,129.0,7.86,29.5,0,1,0,0,9.5,0
T01200,65.7,126.6,7.43,32.3,1,0,0,0,2.0,1
